City_ID,City,Lat,Lng,Max Temp,Humidity,Cloudiness,Wind Speed,Country,Date
0,kuyanovo,55.8014,54.5372,37.09,98,100,18.79,RU,1678651635
1,punta arenas,-53.15,-70.9167,59.11,47,75,28.77,CL,1678651635
2,arraial do cabo,-22.9661,-42.0278,78.66,83,75,9.22,BR,1678651635
3,saldanha,-33.0117,17.9442,63.97,84,0,14.67,ZA,1678651636
4,airai,-8.9266,125.4092,57.87,93,23,1.12,TL,1678651601
5,bambous virieux,-20.3428,57.7575,78.22,80,99,13.06,MU,1678651636
6,mount gambier,-37.8333,140.7667,51.1,96,16,5.08,AU,1678651636
7,busselton,-33.65,115.3333,63.57,95,100,5.32,AU,1678651447
8,castro,-24.7911,-50.0119,67.77,93,95,7.36,BR,1678651637
9,bara,10.3744,10.7288,82.56,9,50,7.78,NG,1678651509
10,saint george,37.1041,-113.5841,63.43,51,0,4.0,US,1678651538
11,bartica,6.4,-58.6167,86.32,67,100,3.6,GY,1678651637
12,albany,42.6001,-73.9662,45.05,45,100,1.01,US,1678651517
13,kruisfontein,-34.0033,24.7314,66.88,79,0,13.51,ZA,1678651638
14,abonnema,4.7084,6.7931,80.4,77,100,9.1,NG,1678651638
15,severo-kurilsk,50.6789,156.125,30.94,90,75,8.61,RU,1678651639
16,khani,41.9563,42.9566,53.17,60,83,8.46,GE,1678651639
17,usinsk,65.9939,57.5281,26.58,96,100,21.61,RU,1678651639
18,ceres,37.5949,-120.9577,65.21,94,100,9.22,US,1678651640
19,victoria,22.2855,114.1577,70.25,61,98,10.0,HK,1678651545
20,dryden,49.7833,-92.7503,19.67,81,100,10.89,CA,1678651640
21,longyearbyen,78.2186,15.6401,15.64,62,75,14.97,SJ,1678651640
22,lebu,-37.6167,-73.65,61.95,86,100,3.62,CL,1678651641
23,bluff,-46.6,168.3333,53.46,66,57,19.17,NZ,1678651641
24,yellowknife,62.456,-114.3525,1.22,87,47,6.73,CA,1678651641
25,puerto del rosario,28.5004,-13.8627,67.75,88,20,2.3,ES,1678651642
26,tiksi,71.6872,128.8694,-11.51,97,41,7.14,RU,1678651642
27,rio gallegos,-51.6226,-69.2181,68.05,21,75,21.85,AR,1678651492
28,cherskiy,68.75,161.3,2.43,72,100,11.45,RU,1678651643
29,vestmannaeyjar,63.4427,-20.2734,22.8,46,2,8.48,IS,1678651643
30,kaitangata,-46.2817,169.8464,49.1,85,72,10.25,NZ,1678651351
31,assiniboia,49.6334,-105.9845,16.18,86,54,7.56,CA,1678651644
32,torphichen,55.9348,-3.6539,49.64,81,40,9.22,GB,1678651644
33,srikakulam,18.3,83.9,72.52,73,0,3.87,IN,1678651645
34,barrow,71.2906,-156.7887,-16.58,69,20,17.27,US,1678651645
35,havre-saint-pierre,50.2334,-63.5986,30.58,64,9,6.17,CA,1678651645
36,tura,25.5198,90.2201,70.29,28,0,3.49,IN,1678651646
37,east london,-33.0153,27.9116,70.56,75,88,16.84,ZA,1678651646
38,mar del plata,-38.0023,-57.5575,96.82,46,20,11.5,AR,1678651401
39,coquimbo,-29.9533,-71.3436,73.13,56,0,13.8,CL,1678651647
40,mataura,-46.1927,168.8643,46.98,94,88,5.01,NZ,1678651647
41,maua,-23.6678,-46.4614,70.09,95,100,4.81,BR,1678651648
42,vaini,-21.2,-175.2,80.76,83,75,10.36,TO,1678651648
43,cape town,-33.9258,18.4232,66.11,73,0,11.5,ZA,1678651366
44,khatanga,71.9667,102.5,14.88,94,100,10.54,RU,1678651649
45,port-gentil,-0.7193,8.7815,82.36,89,40,5.75,GA,1678651649
46,dikson,73.5069,80.5464,-20.02,100,99,11.27,RU,1678651650
47,rikitea,-23.1203,-134.9692,78.6,75,100,23.82,PF,1678651650
48,hermanus,-34.4187,19.2345,63.81,74,0,7.76,ZA,1678651651
49,malangali,-8.5667,34.85,63.12,95,100,2.68,TZ,1678651651
50,katsuura,35.1333,140.3,58.39,73,100,17.87,JP,1678651651
51,dingle,10.9995,122.6711,73.81,85,6,5.84,PH,1678651652
52,ushuaia,-54.8,-68.3,47.66,89,97,7.87,AR,1678651651
53,codrington,-38.2667,141.9667,53.35,88,10,7.36,AU,1678651652
54,nikolskoye,59.7035,30.7861,23.81,86,34,10.45,RU,1678651652
55,kaohsiung,22.6163,120.3133,65.03,83,54,1.01,TW,1678651653
56,tecoanapa,16.5167,-98.75,83.37,61,0,12.28,MX,1678651653
57,shiraz,29.6036,52.5388,58.44,36,0,4.61,IR,1678651653
58,luwuk,-0.9516,122.7875,75.96,93,100,5.35,ID,1678651642
59,kununurra,-15.7667,128.7333,71.58,88,0,0.0,AU,1678651654
60,mitu,1.1983,-70.1733,72.05,99,100,1.66,CO,1678651654
61,abha,18.2164,42.5053,55.65,94,40,6.91,SA,1678651386
62,avera,33.194,-82.5271,53.11,96,100,5.06,US,1678651655
63,sao filipe,14.8961,-24.4956,77.54,56,0,5.7,CV,1678651655
64,mahebourg,-20.4081,57.7,78.26,80,99,13.09,MU,1678651655
65,los llanos de aridane,28.6585,-17.9182,64.15,83,20,10.36,ES,1678651656
66,faanui,-16.4833,-151.75,81.63,77,98,13.33,PF,1678651656
67,port alfred,-33.5906,26.891,69.19,80,73,5.01,ZA,1678651656
68,stornoway,58.2093,-6.3865,40.96,94,100,11.5,GB,1678651657
69,naryan-mar,67.6713,53.087,22.86,95,100,17.94,RU,1678651657
70,anito,12.4497,125.2886,75.51,87,79,10.0,PH,1678651657
71,jamestown,42.097,-79.2353,35.02,75,100,9.22,US,1678651502
72,souillac,-20.5167,57.5167,76.91,83,100,11.59,MU,1678651658
73,tuktoyaktuk,69.4541,-133.0374,-0.4,85,100,3.44,CA,1678651658
74,avarua,-21.2078,-159.775,77.05,94,75,8.05,CK,1678651658
75,mandalgovi,45.7625,106.2708,30.47,28,56,11.77,MN,1678651659
76,bredasdorp,-34.5322,20.0403,65.28,75,0,7.11,ZA,1678651659
77,thompson,55.7435,-97.8558,19.38,81,100,5.64,CA,1678651659
78,saint-philippe,-21.3585,55.7679,76.59,76,32,8.7,RE,1678651659
79,vila franca do campo,37.7167,-25.4333,61.21,80,9,19.48,PT,1678651660
80,torbay,47.6666,-52.7314,31.28,93,100,20.71,CA,1678651660
81,nanortalik,60.1432,-45.2371,28.62,91,74,3.29,GL,1678651660
82,itapipoca,-3.4944,-39.5786,82.11,72,100,6.87,BR,1678651661
83,cabo san lucas,22.8909,-109.9124,86.61,28,0,5.75,MX,1678651453
84,pitimbu,-7.4706,-34.8086,84.79,73,52,12.33,BR,1678651661
85,arcachon,44.5875,-1.0519,59.32,100,75,0.0,FR,1678651662
86,butaritari,3.0707,172.7902,81.91,76,38,16.98,KI,1678651662
87,qarqin,37.4185,66.0436,61.48,60,4,8.1,AF,1678651662
88,raudeberg,61.9875,5.1352,32.86,77,100,15.37,NO,1678651662
89,sulangan,11.1373,123.7228,78.51,75,30,17.0,PH,1678651663
90,katherine,-14.4667,132.2667,75.52,83,40,0.0,AU,1678651663
91,stranda,62.3096,6.9358,34.14,83,100,8.37,NO,1678651663
92,shimoda,34.6667,138.95,55.11,74,100,13.96,JP,1678651664
93,mount isa,-20.7333,139.5,71.37,73,40,4.61,AU,1678651664
94,xam nua,20.4197,104.0439,58.77,96,100,2.53,LA,1678651664
95,buluang,13.3068,123.3425,70.16,93,25,3.98,PH,1678651665
96,cotonou,6.3654,2.4183,82.44,80,100,11.65,BJ,1678651370
97,klaksvik,62.2266,-6.589,27.52,70,100,41.94,FO,1678651665
98,hobart,-42.8794,147.3294,51.06,82,40,0.0,AU,1678651665
99,ixtapa,20.7,-105.2,78.03,57,0,9.22,MX,1678651665
100,pangkalanbuun,-2.6833,111.6167,73.71,98,100,2.48,ID,1678651666
101,hithadhoo,-0.6,73.0833,81.68,78,75,10.54,MV,1678651609
102,tuatapere,-46.1333,167.6833,49.23,85,45,10.85,NZ,1678651666
103,aklavik,68.2191,-135.0107,3.74,86,100,20.2,CA,1678651667
104,atar,20.5169,-13.0499,84.45,7,0,10.07,MR,1678651667
105,ilulissat,69.2167,-51.1,21.22,42,22,0.0,GL,1678651667
106,laguna,38.421,-121.4238,61.11,82,100,11.5,US,1678651612
107,hilo,19.7297,-155.09,83.28,65,20,8.05,US,1678651539
108,kapaa,22.0752,-159.319,77.18,86,75,10.36,US,1678651668
109,cayenne,4.9333,-52.3333,86.04,58,75,12.66,GF,1678651668
110,dalbandin,28.8947,64.4101,71.56,24,0,7.81,PK,1678651669
111,labytnangi,66.6572,66.4183,14.23,95,100,2.3,RU,1678651669
112,lamu,-2.2717,40.902,80.82,89,65,9.4,KE,1678651670
113,norman wells,65.282,-126.8329,9.97,76,13,8.68,CA,1678651670
114,guerrero negro,27.9769,-114.0611,66.74,69,100,21.88,MX,1678651670
115,the pas,53.8251,-101.2541,20.3,81,100,2.04,CA,1678651670
116,praia,14.9215,-23.5087,82.94,28,20,18.41,CV,1678651671
117,arenapolis,-14.4503,-56.8461,77.2,82,100,6.96,BR,1678651382
118,kaniama,-7.5667,24.1833,67.08,95,100,1.74,CD,1678651671
119,mehran,33.1222,46.1646,68.16,33,100,3.29,IR,1678651671
120,coihaique,-45.5752,-72.0662,57.15,51,75,8.05,CL,1678651672
121,ribeira grande,38.5167,-28.7,61.2,77,40,20.71,PT,1678651672
122,dandong,40.1292,124.3947,24.51,29,0,3.58,CN,1678651672
123,namatanai,-3.6667,152.4333,78.28,83,99,2.3,PG,1678651673
124,atuona,-9.8,-139.0333,79.99,75,98,6.51,PF,1678651673
125,vila velha,-20.3297,-40.2925,82.35,80,40,9.22,BR,1678651607
126,tautira,-17.7333,-149.15,81.23,72,77,12.73,PF,1678651673
127,pangai,-19.8,-174.35,81.37,77,5,13.53,TO,1678651674
128,korla,41.7597,86.1469,44.44,37,5,3.38,CN,1678651674
129,tilichiki,60.4667,166.1,11.61,94,100,0.69,RU,1678651674
130,grindavik,63.8424,-22.4338,19.87,53,20,18.41,IS,1678651675
131,wlodawa,51.55,23.55,33.15,70,100,8.03,PL,1678651675
132,orbetello,42.4408,11.2196,55.45,85,0,1.25,IT,1678651399
133,kavieng,-2.5744,150.7967,80.91,77,99,4.0,PG,1678651675
134,mosetse,-20.75,26.65,76.75,41,10,17.16,BW,1678651676
135,pevek,69.7008,170.3133,1.15,68,100,10.89,RU,1678651676
136,sira,13.7453,76.9092,73.63,57,0,9.98,IN,1678651676
137,asau,46.4333,26.4,36.52,66,84,4.52,RO,1678651677
138,zemio,5.0314,25.1361,76.98,61,55,3.47,CF,1678651677
139,maamba,-17.3667,27.15,76.96,60,100,3.91,ZM,1678651677
140,port keats,-14.25,129.55,79.09,76,1,5.37,AU,1678651678
141,turukhansk,65.8167,87.9833,8.17,94,100,18.48,RU,1678651678
142,yaan,7.3833,8.5667,90.46,23,44,3.94,NG,1678651678
143,buchanan,5.8808,-10.0467,79.2,85,47,6.4,LR,1678651679
144,saskylakh,71.9167,114.0833,4.41,94,100,19.01,RU,1678651679
145,estancia,-11.2683,-37.4383,82.36,65,7,8.57,BR,1678651679
146,plettenberg bay,-34.0527,23.3716,64.94,86,0,5.66,ZA,1678651680
147,lorengau,-2.0226,147.2712,79.92,77,82,2.39,PG,1678651680
148,iqaluit,63.7506,-68.5145,-0.31,84,47,0.63,CA,1678651680
149,enshi,30.3,109.4833,47.1,89,92,0.89,CN,1678651681
150,mareeba,-17.0,145.4333,74.44,92,51,0.98,AU,1678651681
151,buraydah,26.326,43.975,57.65,79,71,15.37,SA,1678651389
152,narsaq,60.9167,-46.05,32.22,75,51,5.59,GL,1678651682
153,lasa,46.6166,10.7002,42.69,77,65,3.69,IT,1678651682
154,vila,42.0304,-8.1588,49.08,27,100,5.88,PT,1678651682
155,qaqortoq,60.7167,-46.0333,24.03,85,79,5.28,GL,1678651683
156,ngunguru,-35.6167,174.5,62.65,78,99,7.78,NZ,1678651683
157,mehamn,71.0357,27.8492,12.15,79,0,11.5,NO,1678651684
158,vengurla,15.8667,73.6333,79.56,44,100,4.52,IN,1678651684
159,berlevag,70.8578,29.0864,12.2,72,0,8.05,NO,1678651684
160,chuy,-33.6971,-53.4616,82.58,58,37,14.67,UY,1678651685
161,yumen,40.2833,97.2,43.03,21,7,8.41,CN,1678651685
162,hamilton,39.1834,-84.5333,39.11,85,100,6.91,US,1678651228
163,gumdag,39.2061,54.5906,62.98,54,9,16.84,TM,1678651686
164,porto novo,6.4965,2.6036,81.93,77,100,9.26,BJ,1678651404
165,beringovskiy,63.05,179.3167,-11.65,85,28,6.26,RU,1678651686
166,ginda,30.6945,78.4932,51.96,45,58,6.33,IN,1678651687
167,rockingham,42.9668,-71.0995,49.53,59,71,3.0,US,1678651687
168,shiyan,32.6475,110.7781,44.37,20,0,2.1,CN,1678651688
169,puerto ayora,-0.7393,-90.3518,85.96,85,4,11.99,EC,1678651688
170,alofi,-19.0595,-169.9187,76.89,100,100,3.44,NU,1678651689
171,naze,28.3667,129.4833,57.76,82,100,23.35,JP,1678651689
172,dunedin,-45.8742,170.5036,50.81,78,100,13.0,NZ,1678651689
173,qaanaaq,77.484,-69.3632,-9.6,80,13,7.47,GL,1678651690
174,namibe,-15.1961,12.1522,74.37,83,100,4.07,AO,1678651509
175,samarai,-10.6167,150.6667,81.55,78,95,9.75,PG,1678651691
176,gap,44.6667,6.0,31.77,70,99,5.03,FR,1678651691
177,margate,51.3813,1.3862,50.88,84,100,8.99,GB,1678651691
178,teguldet,57.3064,88.1667,16.74,91,100,10.74,RU,1678651692
179,broome,42.2506,-75.833,41.18,68,0,6.91,US,1678651692
180,zyryanka,65.75,150.85,-13.41,100,94,1.7,RU,1678651692
181,aykhal,66.0,111.5,5.83,98,100,9.37,RU,1678651693
182,tateyama,34.9833,139.8667,61.11,73,100,18.79,JP,1678651693
183,camocim,-2.9022,-40.8411,80.02,82,100,11.59,BR,1678651693
184,bonthe,7.5264,-12.505,78.91,86,99,7.78,SL,1678651694
185,bethel,41.3712,-73.414,49.17,46,0,4.61,US,1678651694
186,abashiri,44.0213,144.2697,41.95,91,98,17.67,JP,1678651694
187,cockburn town,21.4612,-71.1419,76.35,67,0,7.25,TC,1678651575
188,new norfolk,-42.7826,147.0587,50.72,62,74,2.17,AU,1678651695
189,tasiilaq,65.6145,-37.6368,14.16,66,9,3.87,GL,1678651695
190,mayor pablo lagerenza,-19.9309,-60.7718,95.11,34,92,8.48,PY,1678651695
191,esperance,-33.8667,121.9,66.7,66,100,7.9,AU,1678651696
192,san andres,12.5847,-81.7006,79.41,72,74,8.81,CO,1678651696
193,ulaanbaatar,47.9077,106.8832,23.13,74,0,4.47,MN,1678651696
194,ust-kuyga,70.0167,135.6,-22.27,100,100,3.98,RU,1678651697
195,harper,4.375,-7.7169,77.49,87,98,3.74,LR,1678651697
196,hernani,43.2662,-1.9762,61.21,83,0,2.3,ES,1678651697
197,ostrovnoy,68.0531,39.5131,24.4,95,100,12.68,RU,1678651697
198,puerto escondido,15.85,-97.0667,85.03,70,20,13.8,MX,1678651698
199,clyde river,70.4692,-68.5914,-3.77,77,40,11.5,CA,1678651698
200,concordia,-31.393,-58.0209,102.27,34,75,14.0,AR,1678651698
201,the valley,18.217,-63.0578,82.26,73,79,2.33,AI,1678651699
202,roebourne,-20.7833,117.1333,82.72,62,0,3.36,AU,1678651699
203,karacabey,40.2152,28.4038,46.78,83,97,12.53,TR,1678651700
204,provideniya,64.3833,-173.3,-7.49,99,70,2.66,RU,1678651700
205,staryy nadym,65.6118,72.6842,10.13,91,93,7.94,RU,1678651700
206,muros,42.7762,-9.0603,61.09,74,79,17.4,ES,1678651701
207,kalemie,-5.9475,29.1947,70.29,88,100,3.69,CD,1678651701
208,port augusta,-32.5,137.7667,58.95,63,0,5.26,AU,1678651701
209,antofagasta,-23.65,-70.4,72.68,73,11,11.7,CL,1678651563
210,chokurdakh,70.6333,147.9167,-8.54,92,100,3.74,RU,1678651702
211,havelock,34.8791,-76.9013,46.35,90,100,1.01,US,1678651702
212,husavik,66.0449,-17.3389,17.4,75,100,14.63,IS,1678651702
213,port elizabeth,-33.918,25.5701,70.09,81,75,12.66,ZA,1678651408
214,lompoc,34.6391,-120.4579,71.69,81,88,3.0,US,1678651425
215,timmins,48.4669,-81.3331,12.02,67,100,8.05,CA,1678651703
216,constitucion,-35.3333,-72.4167,67.08,73,24,8.66,CL,1678651703
217,helong,42.5397,128.9972,13.86,65,100,9.44,CN,1678651703
218,leningradskiy,69.3833,178.4167,-5.39,76,100,7.76,RU,1678651704
219,ko samui,9.5357,99.9357,79.97,76,63,16.4,TH,1678651704
220,soure,-0.7167,-48.5233,79.32,81,23,12.41,BR,1678651704
221,yenangyaung,20.4667,94.8833,79.66,26,100,3.36,MM,1678651705
222,muisne,0.6,-80.0333,81.7,71,93,6.55,EC,1678651705
223,maningrida,-12.0667,134.2667,77.56,80,100,4.0,AU,1678651705
224,kattivakkam,13.2167,80.3167,82.49,77,0,6.08,IN,1678651706
225,marshfield,44.6689,-90.1718,32.67,74,100,9.22,US,1678651527
226,xining,36.6167,101.7667,33.93,26,0,2.1,CN,1678651706
227,klyuchi,52.2667,79.1667,22.28,91,6,5.99,RU,1678651707
228,carnarvon,-24.8667,113.6333,75.65,72,0,21.16,AU,1678651707
229,pangnirtung,66.1451,-65.7125,4.62,86,18,0.87,CA,1678651707
230,hasaki,35.7333,140.8333,57.6,69,100,19.17,JP,1678651708
231,vostok,46.4856,135.8833,17.87,97,100,2.26,RU,1678651708
232,san cosme y damian,-27.3167,-56.35,98.19,28,37,5.46,PY,1678651708
233,yulara,-25.2406,130.9889,70.02,41,3,10.45,AU,1678651708
234,faya,18.3851,42.4509,55.92,74,100,7.85,SA,1678651709
235,alindao,5.0267,21.2088,85.08,38,88,3.0,CF,1678651709
236,jalu,29.0331,21.5482,68.52,35,0,14.27,LY,1678651710
237,lavrentiya,65.5833,-171.0,-16.06,86,3,2.95,RU,1678651710
238,georgetown,5.4112,100.3354,82.33,82,20,6.91,MY,1678651482
239,lashio,22.9333,97.75,61.11,36,54,1.5,MM,1678651711
240,dukat,62.55,155.55,-4.77,97,54,10.4,RU,1678651711
241,kalmunai,7.4167,81.8167,76.84,87,40,4.76,LK,1678651711
242,cabedelo,-6.9811,-34.8339,84.87,73,90,13.06,BR,1678651537
243,arcata,40.8665,-124.0828,58.39,82,100,6.91,US,1678651524
244,auchi,7.0667,6.2667,84.81,48,53,9.8,NG,1678651712
245,hobyo,5.3505,48.5268,81.16,70,83,14.79,SO,1678651713
246,kodiak,57.79,-152.4072,35.11,44,75,0.0,US,1678651714
247,amlame,7.4667,0.9,80.98,67,99,6.44,TG,1678651714
248,tarko-sale,64.9225,77.785,7.18,93,20,15.9,RU,1678651714
249,baoro,5.6667,15.9667,73.85,28,100,1.95,CF,1678651715
250,north bend,43.4065,-124.2243,54.91,96,100,10.36,US,1678651175
251,agirish,61.9247,63.0231,27.27,88,100,15.79,RU,1678651715
252,hami,42.8,93.45,48.67,21,9,5.48,CN,1678651715
253,ambon,-3.6954,128.1814,77.14,88,40,6.91,ID,1678651716
254,chara,56.9064,118.2631,-7.06,77,87,1.63,RU,1678651716
255,bria,6.5423,21.9863,85.6,33,100,4.76,CF,1678651716
256,okha,53.5739,142.9478,27.39,96,100,15.9,RU,1678651717
257,sitka,57.0531,-135.33,31.89,37,0,3.44,US,1678651717
258,mantua,45.1667,10.7833,54.55,77,6,1.99,IT,1678651263
259,elbistan,38.2059,37.1983,50.88,55,100,5.17,TR,1678651717
260,karakol,42.4907,78.3936,40.57,59,100,5.17,KG,1678651717
261,khandbari,27.3747,87.2039,60.4,41,0,3.94,NP,1678651718
262,george town,5.4112,100.3354,82.33,82,20,6.91,MY,1678651569
263,luganville,-15.5333,167.1667,78.96,86,85,5.7,VU,1678651718
264,freetown,8.484,-13.2299,77.85,85,91,10.67,SL,1678651718
265,kaeo,-35.1,173.7833,64.33,96,99,5.99,NZ,1678651719
266,grand gaube,-20.0064,57.6608,78.39,74,85,3.0,MU,1678651719
267,cidreira,-30.1811,-50.2056,79.2,80,0,15.03,BR,1678651719
268,kultuk,51.7208,103.6956,27.46,96,100,1.12,RU,1678651719
269,saint-paul,-21.0096,55.2707,77.11,98,66,4.38,RE,1678651720
270,ponta delgada,37.7333,-25.6667,61.52,82,40,17.27,PT,1678651720
271,klichka,50.4457,117.996,-6.59,97,100,2.84,RU,1678651721
272,gigmoto,13.7796,124.39,75.22,78,49,10.2,PH,1678651721
273,zhigansk,66.7697,123.3711,-14.91,100,100,11.52,RU,1678651721
274,richards bay,-28.783,32.0377,73.42,76,78,9.57,ZA,1678651721
275,sandwick,60.0,-1.25,42.62,75,75,14.97,GB,1678651722
276,nouadhibou,20.931,-17.0347,78.78,34,5,16.11,MR,1678651504
277,ulladulla,-35.35,150.4667,62.76,86,100,10.6,AU,1678651722
278,itoman,26.1247,127.6694,62.62,92,75,31.07,JP,1678651722
279,alice springs,-23.7,133.8833,62.15,39,0,5.75,AU,1678651723
280,dhola,21.8833,71.7833,82.85,21,65,7.52,IN,1678651723
281,mazyr,52.0495,29.2456,29.03,67,99,14.88,BY,1678651723
282,mahajanga,-15.7167,46.3167,78.35,85,100,6.24,MG,1678651724
283,salinopolis,-0.6136,-47.3561,79.03,84,100,14.25,BR,1678651724
284,paciran,-6.8767,112.3761,76.35,88,100,9.53,ID,1678651724
285,komsomolskiy,40.4272,71.7189,50.72,81,62,6.91,UZ,1678651725
286,mahibadhoo,3.7833,72.9667,81.82,80,100,14.45,MV,1678651725
287,solwezi,-12.1688,26.3894,61.52,93,100,2.53,ZM,1678651725
288,wesselsbron,-27.8549,26.3658,64.67,52,49,16.64,ZA,1678651725
289,upernavik,72.7868,-56.1549,-9.4,87,24,10.25,GL,1678651462
290,bacolod,10.6667,122.95,73.99,85,26,9.04,PH,1678651726
291,teya,60.3778,92.6267,12.63,86,100,11.9,RU,1678651726
292,itapirapua,-15.8233,-50.6133,79.65,76,95,6.85,BR,1678651727
293,phanat nikhom,13.4458,101.1844,84.0,100,91,5.37,TH,1678651727
294,san juan,-31.5375,-68.5364,96.94,25,0,8.19,AR,1678651727
295,bengkulu,-3.8004,102.2655,75.06,90,100,3.91,ID,1678651728
296,sabha,27.0377,14.4283,70.97,19,0,6.64,LY,1678651728
297,katima mulilo,-17.5,24.2667,71.58,56,32,4.81,NA,1678651728
298,trairi,-3.2778,-39.2689,81.86,74,100,9.44,BR,1678651618
299,villazon,-22.0866,-65.5942,66.54,22,3,12.01,BO,1678651728
300,portland,45.5234,-122.6762,48.29,92,100,12.66,US,1678651713
301,puerto baquerizo moreno,-0.9,-89.6,85.19,66,20,5.75,EC,1678651729
302,korhogo,9.45,-5.6333,75.02,75,100,9.89,CI,1678651729
303,omboue,-1.5746,9.2618,78.03,85,96,3.96,GA,1678651729
304,sobolevo,54.4299,31.8996,24.49,91,100,9.95,RU,1678651730
305,oranjemund,-28.55,16.4333,61.93,86,0,10.45,NA,1678651730
306,sovetskiy,61.3614,63.5842,27.23,86,100,13.8,RU,1678651730
307,saint anthony,45.0205,-93.218,34.21,86,100,10.36,US,1678651730
308,mayo,38.8876,-76.5119,44.2,73,100,6.91,US,1678651731
309,brae,60.3964,-1.353,38.8,76,75,16.64,GB,1678651731
310,santa rosa,14.3122,121.1114,78.12,82,100,5.53,PH,1678651731
311,rusape,-18.5278,32.1284,60.53,96,100,11.83,ZW,1678651732
312,pacific grove,36.6177,-121.9166,68.65,75,20,15.01,US,1678651732
313,padang,-0.9492,100.3543,77.05,91,100,5.03,ID,1678651732
314,wodonga,-36.1167,146.8833,50.27,88,8,4.9,AU,1678651732
315,santander,43.4647,-3.8044,61.92,85,0,4.61,ES,1678651733
316,havoysund,70.9963,24.6622,23.23,82,36,6.73,NO,1678651733
317,sibolga,1.7427,98.7792,75.63,90,100,3.53,ID,1678651639
318,yei,4.095,30.6779,70.95,66,98,3.58,SS,1678651733
319,hare bay,48.8499,-54.0148,27.75,82,100,11.61,CA,1678651734
320,bodmin,50.4715,-4.7243,53.67,100,75,26.46,GB,1678651734
321,wattens,47.2722,11.5993,34.63,91,20,3.44,AT,1678651734
322,udachnyy,66.4167,112.4,8.46,77,100,18.37,RU,1678651734
323,gwadar,25.1216,62.3254,75.61,69,0,2.75,PK,1678651735
324,salamiyah,35.0113,37.0532,58.71,41,64,5.57,SY,1678651736
325,biak,-0.9131,122.8766,74.46,91,100,6.64,ID,1678651737
326,pospelikha,51.95,81.7667,19.83,94,68,6.87,RU,1678651737
327,camacha,33.0833,-16.3333,62.02,82,20,5.75,PT,1678651738
328,sain alto,23.5833,-103.25,77.32,13,0,4.18,MX,1678651739
329,ampanihy,-24.7,44.75,72.01,89,0,7.29,MG,1678651739
330,kahului,20.8947,-156.47,79.3,73,20,19.57,US,1678651740
331,sangar,63.9242,127.4739,-7.71,100,99,4.43,RU,1678651740
332,yeppoon,-23.1333,150.7333,78.58,90,4,4.47,AU,1678651740
333,dutse,11.7594,9.3392,81.01,9,100,8.59,NG,1678651741
334,termoli,41.9888,14.9895,47.57,75,3,4.5,IT,1678651741
335,arman,59.7,150.1667,7.92,97,100,3.51,RU,1678651741
336,robertson,36.5167,-86.8667,48.18,86,100,13.49,US,1678651742
337,hambantota,6.1241,81.1185,77.34,84,41,14.41,LK,1678651742
338,vardo,70.3705,31.1107,12.18,85,0,14.97,NO,1678651743
339,van buren,35.4368,-94.3483,54.32,52,75,7.0,US,1678651743
340,dunajska streda,47.9927,17.6121,46.24,59,92,9.42,SK,1678651744
341,bathsheba,13.2167,-59.5167,84.81,65,40,13.8,BB,1678651744
342,buritis,-15.6178,-46.4233,86.31,53,100,0.72,BR,1678651589
343,barrhead,55.7992,-4.3929,51.03,89,100,18.99,GB,1678651745
344,gamba,-2.65,10.0,76.32,84,98,1.88,GA,1678651745
345,saint-louis,16.3333,-15.0,90.36,6,0,10.92,SN,1678651746
346,smithers,54.7804,-127.1743,17.92,79,100,9.22,CA,1678651513
347,axim,4.8699,-2.2405,79.92,83,26,5.66,GH,1678651746
348,cedar city,37.6775,-113.0619,48.4,57,75,3.44,US,1678651747
349,doka,13.5167,35.7667,82.22,10,74,10.92,SD,1678651747
350,kanniyakumari,8.0833,77.5667,79.52,78,5,19.53,IN,1678651747
351,merauke,-8.4667,140.3333,79.34,82,100,3.24,ID,1678651748
352,mengcheng,33.2579,116.5655,36.95,27,0,7.49,CN,1678651748
353,nuqui,5.7125,-77.2708,80.17,76,100,5.66,CO,1678651748
354,tigre,-34.426,-58.5796,99.05,37,0,5.75,AR,1678651536
355,magistralnyy,56.1725,107.4458,24.21,96,100,7.72,RU,1678651749
356,hay river,60.8156,-115.7999,3.9,85,63,3.22,CA,1678651749
357,acapulco,16.8634,-99.8901,82.22,69,0,12.66,MX,1678651523
358,muroto,33.2833,134.15,56.77,68,100,15.46,JP,1678651750
359,ankara,39.9199,32.8543,43.99,89,75,8.05,TR,1678651561
360,natchitoches,31.7668,-93.1335,61.65,88,100,11.5,US,1678651750
361,karasjok,69.4719,25.5112,-6.09,100,49,0.22,NO,1678651751
362,palana,59.1167,159.9667,24.85,90,100,18.16,RU,1678651751
363,bud,39.447,-86.1758,39.15,87,100,5.41,US,1678651751
364,rock sound,24.9,-76.2,75.24,69,0,5.08,BS,1678651752
365,paysandu,-32.3214,-58.0756,99.88,16,100,11.61,UY,1678651752
366,saint-francois,46.4154,3.9054,51.67,89,100,5.75,FR,1678651748
367,lusambo,-4.9667,23.45,70.83,92,99,2.08,CD,1678651752
368,port lincoln,-34.7333,135.8667,59.7,81,90,10.09,AU,1678651753
369,noumea,-22.2763,166.4572,69.78,74,0,5.61,NC,1678651753
370,tokur,53.1333,132.9,-9.15,100,100,3.04,RU,1678651753
371,homer,59.6425,-151.5483,34.77,55,0,5.01,US,1678651754
372,cap-aux-meules,47.3821,-61.8597,30.0,88,6,14.41,CA,1678651754
373,mujiayingzi,42.1167,118.7833,22.69,29,100,5.44,CN,1678651754
374,liwale,-9.7667,37.9333,69.67,96,100,2.19,TZ,1678651755
375,vallenar,-28.5708,-70.7581,82.63,35,0,9.35,CL,1678651755
376,uruacu,-14.5247,-49.1408,76.17,84,100,4.74,BR,1678651755
377,seoul,37.5683,126.9778,31.44,23,0,13.89,KR,1678651707
378,svetlogorsk,52.6333,29.7333,28.2,66,97,15.03,BY,1678651756
379,miquelon,47.0975,-56.3814,37.4,77,6,21.14,PM,1678651756
380,comodoro rivadavia,-45.8667,-67.5,76.86,16,0,26.46,AR,1678651514
381,segou,13.4317,-6.2157,88.0,30,100,14.36,ML,1678651757
382,konstantinovka,49.6167,127.9833,-2.25,99,99,2.53,RU,1678651757
383,sawakin,19.1059,37.3321,76.82,64,3,8.25,SD,1678651758
384,jackson,42.4165,-122.8345,53.01,76,75,3.44,US,1678651754
385,santa cruz,-17.8,-63.1667,89.65,62,40,13.8,BO,1678651605
386,isangel,-19.55,169.2667,78.26,82,6,7.76,VU,1678651758
387,mumford,5.2618,-0.759,80.26,86,91,7.63,GH,1678651759
388,dudinka,69.4058,86.1778,-7.38,97,100,13.76,RU,1678651759
389,djibo,14.1022,-1.6306,90.52,10,100,8.68,BF,1678651760
390,kutum,14.2,24.6667,71.11,13,94,11.52,SD,1678651760
391,sioux lookout,50.1001,-91.917,18.97,83,100,10.42,CA,1678651718
392,matagami,49.7502,-77.6328,20.25,82,100,5.73,CA,1678651761
393,ekibastuz,51.6667,75.3667,25.12,83,6,5.61,KZ,1678651761
394,ichinohe,40.2069,141.3017,46.31,84,100,11.23,JP,1678651761
395,lima,-12.0432,-77.0282,80.85,57,0,11.5,PE,1678651540
396,tulu bolo,8.6667,38.2167,60.15,78,97,1.23,ET,1678651762
397,cochrane,51.1834,-114.4687,21.11,66,44,6.26,CA,1678651762
398,trelew,-43.249,-65.3051,87.51,20,96,18.68,AR,1678651675
399,college,64.8569,-147.8028,8.58,85,100,3.44,US,1678651763
400,chapais,49.7834,-74.8492,25.48,78,100,2.53,CA,1678651763
401,dali,25.7,100.1833,47.3,52,3,2.21,CN,1678651764
402,svetlyy,54.675,20.1347,31.96,78,100,8.41,RU,1678651764
403,ballina,-28.8667,153.5667,72.79,98,100,10.16,AU,1678651764
404,lagoa,39.05,-27.9833,58.15,75,0,31.23,PT,1678651765
405,botshabelo,-29.2702,26.7052,64.36,60,21,12.08,ZA,1678651765
406,oudtshoorn,-33.5907,22.2014,67.21,69,0,1.74,ZA,1678651765
407,sisimiut,66.9395,-53.6735,13.19,86,77,3.24,GL,1678651766
408,kuragino,53.8975,92.6725,23.68,89,74,10.49,RU,1678651766
409,berdigestyakh,62.0989,126.6992,-17.64,100,100,4.34,RU,1678651766
410,bakuriani,41.7497,43.5325,38.46,68,43,7.63,GE,1678651767
411,caravelas,-17.7125,-39.2481,80.82,68,15,7.81,BR,1678651767
412,zlobin,45.2924,14.6541,42.58,70,0,4.61,HR,1678651767
413,sao borja,-28.6606,-56.0044,97.95,22,0,9.24,BR,1678651524
414,fortuna,40.5982,-124.1573,58.12,88,40,10.36,US,1678651768
415,camana,-16.6228,-72.7111,76.82,76,99,7.92,PE,1678651768
416,porlamar,10.958,-63.8491,87.89,55,6,17.27,VE,1678651769
417,puerto madryn,-42.7692,-65.0385,84.69,26,100,13.09,AR,1678651769
418,ponta do sol,32.6667,-17.1,67.71,78,100,4.99,PT,1678651769
419,coracora,-15.0333,-73.7833,53.06,94,100,8.25,PE,1678651770
420,tessalit,20.1986,1.0114,88.02,9,91,12.3,ML,1678651770
421,san patricio,28.017,-97.5169,96.75,27,3,15.93,US,1678651770
422,xinqing,48.2333,129.5,3.87,100,85,1.88,CN,1678651770
423,kasongo-lunda,-6.4667,16.8167,70.2,97,87,1.36,CD,1678651771
424,maceio,-9.6658,-35.7353,83.64,74,40,14.97,BR,1678651771
425,san policarpo,12.1791,125.5072,76.98,82,47,12.28,PH,1678651771
426,ketchikan,55.3422,-131.6461,36.07,41,100,0.0,US,1678651772
427,garowe,8.4054,48.4845,72.48,73,11,16.82,SO,1678651772
428,inta,66.0317,60.1659,22.64,92,100,13.58,RU,1678651772
429,merta,26.65,74.0333,76.5,23,100,2.3,IN,1678651773
430,okhotsk,59.3833,143.3,8.67,96,100,6.11,RU,1678651773
431,storforshei,66.4043,14.5233,11.98,92,75,0.0,NO,1678651774
432,ust-ishim,57.6935,71.1665,16.52,95,26,5.79,RU,1678651774
433,barrington,41.7407,-71.3087,48.29,61,75,11.5,US,1678651774
434,sorland,67.667,12.6934,31.86,48,62,24.43,NO,1678651774
435,lazaro cardenas,17.9583,-102.2,81.79,58,7,10.6,MX,1678651609
436,novyy urgal,51.0736,132.5642,1.94,95,100,1.52,RU,1678651775
437,lakselv,70.0513,24.9718,10.22,67,0,3.44,NO,1678651743
438,nome,64.5011,-165.4064,-0.33,65,0,0.0,US,1678651775
439,ouegoa,-20.35,164.4333,76.73,71,27,9.62,NC,1678651775
440,atherton,53.5237,-2.4935,51.3,91,100,3.0,GB,1678651659
441,buin,-33.7333,-70.75,83.05,34,0,11.3,CL,1678651776
442,balaipungut,1.05,101.2833,73.4,98,100,2.59,ID,1678651776
443,puerto carreno,6.189,-67.4859,90.09,47,100,7.02,CO,1678651777
444,matara,5.9485,80.5353,76.41,85,31,11.95,LK,1678651777
445,itamarandiba,-17.8572,-42.8589,76.44,60,100,5.64,BR,1678651777
446,tromso,69.6496,18.957,28.42,69,75,16.11,NO,1678651599
447,nelson bay,-32.7167,152.15,73.0,94,100,11.99,AU,1678651778
448,novouralsk,57.2439,60.0839,23.63,83,56,8.16,RU,1678651778
449,ust-tsilma,65.441,52.1498,32.68,96,100,11.14,RU,1678651778
450,bakel,14.905,-12.4568,90.99,7,0,6.8,SN,1678651779
451,la ronge,55.1001,-105.2842,23.94,84,100,5.46,CA,1678651779
452,shenzhen,22.5455,114.0683,71.37,67,100,11.56,CN,1678651452
453,yarim,14.298,44.3779,56.35,72,81,5.41,YE,1678651779
454,hurricane,37.1753,-113.2899,62.51,48,5,6.2,US,1678651780
455,arrifes,37.7667,-25.7,59.25,82,40,17.27,PT,1678651780
456,poim,53.0264,43.1872,35.89,87,100,15.5,RU,1678651780
457,matamoros,25.5333,-103.25,86.11,14,0,16.11,MX,1678651781
458,yueyang,29.3333,113.0919,48.72,35,98,6.93,CN,1678651782
459,lichuan,30.3,108.85,41.5,92,100,2.3,CN,1678651782
460,kathmandu,27.7167,85.3167,59.22,74,40,2.3,NP,1678651783
461,corn island,12.1694,-83.0418,79.59,73,92,9.78,NI,1678651784
462,sur,22.5667,59.5289,76.87,52,6,4.25,OM,1678651784
463,waingapu,-9.6567,120.2641,76.68,81,60,4.0,ID,1678651784
464,uxbridge,42.0773,-71.6295,49.78,52,54,5.01,US,1678651785
465,mount hagen,-5.8581,144.2274,59.16,97,97,1.7,PG,1678651785
466,dogondoutchi,13.6393,4.0287,85.46,9,100,9.15,NE,1678651785
467,batemans bay,-35.7167,150.1833,57.58,91,36,5.97,AU,1678651786
468,krasnoarmeysk,51.0239,45.6969,46.36,88,100,14.85,RU,1678651786
469,sao joao da barra,-21.6403,-41.0511,82.49,83,94,8.72,BR,1678651786
470,uyemskiy,64.4743,40.8524,28.45,100,100,2.24,RU,1678651787
471,poum,-20.2333,164.0167,78.76,68,11,13.35,NC,1678651787
472,mandan,46.8267,-100.8896,19.38,75,75,18.41,US,1678651428
473,puerto narino,-3.7703,-70.3831,72.55,98,100,3.38,CO,1678651787
474,tommot,58.9564,126.2925,-28.16,99,58,3.42,RU,1678651787
475,ahipara,-35.1667,173.1667,65.34,73,100,7.54,NZ,1678651788
476,emerald,-23.5333,148.1667,71.35,97,32,2.39,AU,1678651788
477,mugur-aksy,50.35,90.5,20.84,89,82,7.34,RU,1678651788
478,guadalupe y calvo,26.1,-106.9667,71.44,17,4,11.54,MX,1678651789
479,kieta,-6.2167,155.6333,78.55,82,79,2.89,PG,1678651789
480,urucui,-7.2294,-44.5561,87.78,57,100,6.04,BR,1678651789
481,masyaf,35.0653,36.3406,56.16,42,100,1.48,SY,1678651789
482,akniste,56.1615,25.7478,23.47,89,45,9.08,LV,1678651790
483,ishigaki,24.3448,124.1572,66.0,81,100,35.63,JP,1678651790
484,kanel,15.4916,-13.1763,92.66,6,0,7.54,SN,1678651790
485,gushikawa,26.3544,127.8686,61.83,94,100,17.27,JP,1678651791
486,constantine,36.365,6.6147,53.01,87,40,5.75,DZ,1678651791
487,brooklyn park,45.0941,-93.3563,34.41,88,100,10.36,US,1678651791
488,wilmington island,32.0036,-80.9737,65.98,86,75,16.11,US,1678651791
489,wanning,18.8003,110.3967,66.34,91,51,7.92,CN,1678651792
490,abu kamal,34.4506,40.9171,66.4,29,67,16.58,SY,1678651792
491,sinop,41.7711,34.8709,39.51,97,100,4.83,TR,1678651792
492,vao,-22.6667,167.4833,76.91,74,46,12.17,NC,1678651580
493,hokitika,-42.7167,170.9667,60.49,83,98,18.41,NZ,1678651793
494,jerez,14.1,-89.75,90.07,30,30,10.07,GT,1678651793
495,broken hill,-31.95,141.4333,57.88,56,0,9.57,AU,1678651793
496,orchard homes,46.8633,-114.0484,43.39,60,0,5.75,US,1678651794
497,flinders,-34.5833,150.8552,67.17,92,99,1.99,AU,1678651794
498,preobrazheniye,42.9019,133.9064,25.88,82,100,10.51,RU,1678651794
499,winslow,35.0242,-110.6974,62.78,29,40,8.05,US,1678651794
500,sept-iles,50.2001,-66.3821,33.06,77,55,3.0,CA,1678651795
501,igarka,67.4667,86.5833,-1.1,94,100,15.7,RU,1678651795
502,baykit,61.67,96.37,13.19,87,100,14.18,RU,1678651795
503,geraldton,-28.7667,114.6,64.81,94,3,4.61,AU,1678651796
504,yurimaguas,-5.9,-76.0833,80.76,78,100,3.44,PE,1678651796
505,stilfontein,-26.8449,26.7683,71.33,51,89,18.03,ZA,1678651796
506,port blair,11.6667,92.75,78.49,72,94,2.21,IN,1678651797
507,shirpur,21.35,74.8833,83.19,22,51,7.43,IN,1678651797
508,ippy,6.2679,21.2247,83.23,37,81,4.21,CF,1678651797
509,licata,37.1071,13.9461,57.72,81,0,5.88,IT,1678651797
510,warragul,-38.1667,145.9333,53.1,98,16,2.51,AU,1678651798
511,paita,-5.0892,-81.1144,79.7,78,100,9.64,PE,1678651798
512,ancud,-41.8697,-73.8203,58.77,62,100,5.26,CL,1678651798
513,puerto quijarro,-17.7833,-57.7667,87.53,60,68,3.62,BO,1678651799
514,olafsvik,64.8945,-23.7142,22.5,62,100,24.07,IS,1678651799
515,kerema,-7.9631,145.7785,77.27,85,100,2.53,PG,1678651799
516,panaba,21.2833,-88.2667,96.84,24,0,6.38,MX,1678651799
517,mao,39.8885,4.2658,57.76,94,0,5.75,ES,1678651800
518,maridi,4.9158,29.4742,73.85,70,82,3.87,SS,1678651800
519,tabou,4.423,-7.3528,77.31,87,85,3.71,CI,1678651801
520,rio grande,-32.035,-52.0986,87.91,76,1,17.65,BR,1678651521
521,bose,45.4612,8.0137,51.76,73,53,3.91,IT,1678651801
522,oksfjord,70.2396,22.3479,28.58,82,82,8.5,NO,1678651802
523,takapau,-40.0333,176.35,62.73,71,14,6.69,NZ,1678651802
524,carmo do rio claro,-20.9719,-46.1189,73.51,86,100,2.33,BR,1678651641
525,zirgan,53.2222,55.9185,37.11,100,100,16.96,RU,1678651803
526,strabychovo,48.3925,22.5431,36.07,69,73,5.35,UA,1678651803
527,hit,33.6416,42.8251,66.97,28,100,7.99,IQ,1678651803
528,changji,44.0167,87.3167,39.99,75,0,6.71,CN,1678651804
529,umm lajj,25.0213,37.2685,71.74,38,0,2.73,SA,1678651804
530,jingdezhen,29.2947,117.2079,50.41,53,100,4.25,CN,1678651804
531,morondava,-20.2833,44.2833,77.43,82,100,4.29,MG,1678651805
532,chifeng,42.2683,118.9636,22.08,26,100,3.98,CN,1678651805
533,okato,-39.2,173.8833,66.18,99,83,11.99,NZ,1678651805
534,mocuba,-16.8392,36.9856,72.0,96,100,13.8,MZ,1678651806
535,bubaque,11.2833,-15.8333,78.01,75,2,17.49,GW,1678651806
536,bandar-e anzali,37.4727,49.4622,56.35,70,55,2.42,IR,1678651807
537,vanavara,60.34,102.2797,19.94,86,100,15.48,RU,1678651807
538,senanga,-16.1167,23.2667,72.59,56,25,6.13,ZM,1678651807
539,kavaratti,10.5669,72.642,81.16,70,0,3.51,IN,1678651808
540,taoru,28.2167,76.95,71.26,24,80,1.63,IN,1678651808
541,saint-augustin,51.226,-58.6502,31.05,78,84,3.74,CA,1678651808
542,tolaga bay,-38.3667,178.3,64.81,63,85,9.42,NZ,1678651809
543,santarem,-2.4431,-54.7083,84.33,79,0,4.61,BR,1678651519
544,sandakan,5.8402,118.1179,74.3,81,73,6.31,MY,1678651809
545,roald,62.5833,6.1333,34.72,51,75,16.11,NO,1678651810
546,nouakchott,18.0858,-15.9785,80.53,47,0,15.35,MR,1678651810
547,champerico,14.3,-91.9167,90.14,60,6,11.83,GT,1678651810
548,juneau,58.3019,-134.4197,24.8,100,20,13.8,US,1678651796
549,batangafo,7.3008,18.2833,84.58,20,84,1.28,CF,1678651811
550,tanout,14.9709,8.8879,79.81,10,100,9.86,NE,1678651811
551,opuwo,-18.0607,13.84,70.79,55,60,3.33,NA,1678651811
552,marawi,7.9986,124.2928,67.55,96,99,3.76,PH,1678651812
553,sekoma,-24.4,23.8833,76.48,18,24,7.63,BW,1678651812
554,alyangula,-13.8483,136.4192,81.09,76,100,9.75,AU,1678651812
555,mbeya,-8.9,33.45,60.57,96,100,2.1,TZ,1678651813
556,taperoa,-7.2075,-36.8267,86.83,43,73,15.9,BR,1678651813
557,taksimo,56.3444,114.8794,-2.06,99,100,0.49,RU,1678651813
558,xingyi,24.1877,102.817,47.64,89,100,5.28,CN,1678651814
559,areia branca,-4.9561,-37.1369,83.46,74,82,17.58,BR,1678651717
560,biltine,14.5333,20.9167,77.56,10,100,8.55,TD,1678651814
561,campbell river,50.0163,-125.2446,48.6,73,100,11.03,CA,1678651731
562,sechura,-5.5569,-80.8222,82.92,70,98,12.55,PE,1678651815
563,guarapari,-20.6667,-40.4975,80.89,81,100,6.31,BR,1678651815
564,soc trang,9.6033,105.98,74.55,81,5,11.74,VN,1678651816
565,youghal,51.95,-7.8506,52.81,100,100,23.71,IE,1678651817
566,gat,31.61,34.7642,68.4,26,100,9.04,IL,1678651817
567,pimentel,-6.8367,-79.9342,86.29,62,40,8.05,PE,1678651817
568,hovd,48.0056,91.6419,37.08,60,100,5.32,MN,1678651817
569,mogadishu,2.0371,45.3438,80.35,87,87,17.11,SO,1678651818
